DateTime;MSFT;AAPL;GOOG
15.05.2006 0:00;23,15;67,79;376,2
16.05.2006 0:00;23,01;64,98;371,3
17.05.2006 0:00;22,73;65,26;374,5
18.05.2006 0:00;22,83;63,18;370,99
19.05.2006 0:00;22,56;64,51;370,02
22.05.2006 0:00;22,88;63,38;370,95
23.05.2006 0:00;22,79;63,15;375,58
24.05.2006 0:00;23,5;63,34;381,25
25.05.2006 0:00;23,74;64,33;382,99
26.05.2006 0:00;23,72;63,55;381,35
30.05.2006 0:00;23,15;61,22;371,94
31.05.2006 0:00;22,65;59,77;371,82
01.06.2006 0:00;22,82;62,17;382,62
02.06.2006 0:00;22,76;61,66;379,44
05.06.2006 0:00;22,5;60;374,44
06.06.2006 0:00;22,13;59,72;389,99
07.06.2006 0:00;22,04;58,56;386,51
08.06.2006 0:00;22,11;60,76;393,3
09.06.2006 0:00;21,92;59,24;386,57
12.06.2006 0:00;21,71;57;381,54
13.06.2006 0:00;21,51;58,33;386,52
14.06.2006 0:00;21,88;57,61;384,39
15.06.2006 0:00;22,07;59,38;391
16.06.2006 0:00;22,1;57,56;390,7
19.06.2006 0:00;22,55;57,2;388,14
20.06.2006 0:00;22,56;57,47;387,17
21.06.2006 0:00;23,08;57,86;402,13
22.06.2006 0:00;22,88;59,58;399,95
23.06.2006 0:00;22,5;58,83;404,86
26.06.2006 0:00;22,82;58,99;404,22
27.06.2006 0:00;22,86;57,43;402,32
28.06.2006 0:00;23,16;56,02;406,11
29.06.2006 0:00;23,47;58,97;417,81
30.06.2006 0:00;23,3;57,27;419,33
03.07.2006 0:00;23,7;57,95;423,2
05.07.2006 0:00;23,35;57;421,46
06.07.2006 0:00;23,48;55,77;423,19
07.07.2006 0:00;23,3;55,4;420,45
10.07.2006 0:00;23,5;55;418,2
11.07.2006 0:00;23,1;55,65;424,56
12.07.2006 0:00;22,64;52,96;417,25
13.07.2006 0:00;22,26;52,25;408,83
14.07.2006 0:00;22,29;50,67;403,5
17.07.2006 0:00;22,48;52,37;407,89
18.07.2006 0:00;22,74;52,9;403,05
19.07.2006 0:00;23,4;54,1;399
20.07.2006 0:00;22,85;60,5;387,12
21.07.2006 0:00;23,87;60,72;390,11
24.07.2006 0:00;24;61,42;390,9
25.07.2006 0:00;24,22;61,93;389,36
26.07.2006 0:00;24,37;63,87;385,5
27.07.2006 0:00;23,87;63,4;382,4
28.07.2006 0:00;24,25;65,59;388,12
31.07.2006 0:00;24,06;67,96;386,6
01.08.2006 0:00;23,99;67,18;375,51
02.08.2006 0:00;24,3;68,16;367,23
03.08.2006 0:00;24,21;69,59;375,39
04.08.2006 0:00;24,29;68,3;373,85
07.08.2006 0:00;24,22;67,21;377,95
08.08.2006 0:00;24,34;64,78;381
09.08.2006 0:00;24,44;63,59;376,94
10.08.2006 0:00;24,46;64,07;374,2
11.08.2006 0:00;24,43;63,65;368,5
14.08.2006 0:00;24,53;63,94;369,43
15.08.2006 0:00;24,62;66,45;380,97
16.08.2006 0:00;24,7;67,98;387,72
17.08.2006 0:00;24,7;67,59;385,8
18.08.2006 0:00;25,79;67,91;383,36
21.08.2006 0:00;26,12;66,56;377,3
22.08.2006 0:00;25,62;67,62;378,29
23.08.2006 0:00;25,67;67,31;373,43
24.08.2006 0:00;25,74;67,81;373,73
25.08.2006 0:00;25,85;68,75;373,26
28.08.2006 0:00;25,95;66,98;380,95
29.08.2006 0:00;25,84;66,48;378,95
30.08.2006 0:00;25,8;66,96;380,75
31.08.2006 0:00;25,7;67,85;378,53
01.09.2006 0:00;25,84;68,38;378,6
05.09.2006 0:00;25,61;71,48;384,36
06.09.2006 0:00;25,61;70,03;380,14
07.09.2006 0:00;25,43;72,8;378,49
08.09.2006 0:00;25,6;72,52;377,85
11.09.2006 0:00;25,91;72,5;384,09
12.09.2006 0:00;25,93;72,63;391,9
13.09.2006 0:00;25,98;74,2;406,57
14.09.2006 0:00;26,33;74,17;403,98
15.09.2006 0:00;26,85;74,1;409,88
18.09.2006 0:00;26,79;73,89;414,69
19.09.2006 0:00;26,86;73,77;403,81
20.09.2006 0:00;27,18;75,26;397
21.09.2006 0:00;26,9;74,65;406,85
22.09.2006 0:00;26,66;73;403,78
25.09.2006 0:00;26,95;75,75;403,98
26.09.2006 0:00;27,2;77,61;406,87
27.09.2006 0:00;27,44;76,41;402,92
28.09.2006 0:00;27,4;77,01;403,58
29.09.2006 0:00;27,35;76,98;401,9
02.10.2006 0:00;27,36;74,86;401,44
03.10.2006 0:00;27,37;74,08;404,04
04.10.2006 0:00;27,94;75,38;415,7
05.10.2006 0:00;27,92;74,83;411,81
06.10.2006 0:00;27,87;74,22;420,5
09.10.2006 0:00;27,72;74,63;429
10.10.2006 0:00;27,69;73,81;426,65
11.10.2006 0:00;27,54;73,23;426,5
12.10.2006 0:00;28,22;75,26;427,44
13.10.2006 0:00;28,37;75,02;427,3
16.10.2006 0:00;28,45;75,4;421,75
17.10.2006 0:00;28,44;74,29;420,64
18.10.2006 0:00;28,52;74,53;419,31
19.10.2006 0:00;28,29;78,99;426,06
20.10.2006 0:00;28,43;79,95;459,67
23.10.2006 0:00;28,45;81,46;480,78
24.10.2006 0:00;28,28;81,05;473,31
25.10.2006 0:00;28,31;81,68;486,6
26.10.2006 0:00;28,35;82,19;485,1
27.10.2006 0:00;28,34;80,41;475,2
30.10.2006 0:00;28,53;80,42;476,57
31.10.2006 0:00;28,71;81,08;476,39
01.11.2006 0:00;28,81;79,16;467,5
02.11.2006 0:00;28,77;78,98;469,91
03.11.2006 0:00;28,73;78,29;471,8
06.11.2006 0:00;28,84;79,71;476,95
07.11.2006 0:00;28,95;80,51;472,57
08.11.2006 0:00;28,98;82,45;475
09.11.2006 0:00;29,26;83,34;472,63
10.11.2006 0:00;29,24;83,12;473,55
13.11.2006 0:00;29,35;84,35;481,03
14.11.2006 0:00;29,23;85;489,3
15.11.2006 0:00;29,12;84,05;491,93
16.11.2006 0:00;29,47;85,61;495,9
17.11.2006 0:00;29,4;85,85;498,79
20.11.2006 0:00;29,89;86,47;495,05
21.11.2006 0:00;29,92;88,6;509,65
22.11.2006 0:00;29,92;90,31;508,01
24.11.2006 0:00;29,76;91,63;505
27.11.2006 0:00;29,48;89,54;484,75
28.11.2006 0:00;29,39;91,81;489,5
29.11.2006 0:00;29,57;91,8;484,65
30.11.2006 0:00;29,36;91,66;484,81
01.12.2006 0:00;29,12;91,32;480,8
04.12.2006 0:00;29,33;91,12;484,85
05.12.2006 0:00;29,13;91,27;487
06.12.2006 0:00;28,99;89,83;488,71
07.12.2006 0:00;28,85;87,04;482,64
08.12.2006 0:00;29,4;88,26;484,11
11.12.2006 0:00;29,54;88,75;483,93
12.12.2006 0:00;29,43;86,14;481,78
13.12.2006 0:00;29,55;89,05;478,99
14.12.2006 0:00;30,07;88,55;482,12
15.12.2006 0:00;30,19;87,72;480,3
18.12.2006 0:00;29,89;85,47;462,8
19.12.2006 0:00;29,99;86,31;468,63
20.12.2006 0:00;30,09;84,76;462,9
21.12.2006 0:00;29,98;82,9;456,2
22.12.2006 0:00;29,64;82,2;455,58
26.12.2006 0:00;29,99;81,51;457,53
27.12.2006 0:00;30,02;81,52;468,03
28.12.2006 0:00;29,98;80,87;462,56
29.12.2006 0:00;29,86;84,84;460,48
03.01.2007 0:00;29,86;83,8;467,59
04.01.2007 0:00;29,81;85,66;483,26
05.01.2007 0:00;29,64;85,05;487,19
08.01.2007 0:00;29,93;85,47;483,58
09.01.2007 0:00;29,96;92,57;485,5
10.01.2007 0:00;29,66;97;489,46
11.01.2007 0:00;30,7;95,8;499,72
12.01.2007 0:00;31,21;94,62;505
16.01.2007 0:00;31,16;97,1;504,28
17.01.2007 0:00;31,1;94,95;497,28
18.01.2007 0:00;31;89,07;487,83
19.01.2007 0:00;31,11;88,5;489,75
22.01.2007 0:00;30,72;86,79;480,84
23.01.2007 0:00;30,74;85,7;479,05
24.01.2007 0:00;31,09;86,7;499,07
25.01.2007 0:00;30,45;86,25;488,09
26.01.2007 0:00;30,6;85,38;495,84
29.01.2007 0:00;30,53;85,94;492,47
30.01.2007 0:00;30,48;85,55;494,32
31.01.2007 0:00;30,86;85,73;501,5
01.02.2007 0:00;30,56;84,74;481,75
02.02.2007 0:00;30,19;84,75;481,5
05.02.2007 0:00;29,61;83,94;467,16
06.02.2007 0:00;29,51;84,15;471,48
07.02.2007 0:00;29,37;86,15;470,01
08.02.2007 0:00;29,26;86,18;471,03
09.02.2007 0:00;28,98;83,27;461,89
12.02.2007 0:00;28,94;84,88;458,29
13.02.2007 0:00;29,03;84,63;459,1
14.02.2007 0:00;29,4;85,3;465,93
15.02.2007 0:00;29,46;85,21;461,47
16.02.2007 0:00;28,74;84,83;469,94
20.02.2007 0:00;28,83;85,9;472,1
21.02.2007 0:00;29,35;89,2;475,86
22.02.2007 0:00;29,39;89,51;475,85
23.02.2007 0:00;28,9;89,07;470,62
26.02.2007 0:00;29,07;88,65;464,93
27.02.2007 0:00;27,87;83,93;448,77
28.02.2007 0:00;28,17;84,61;449,45
01.03.2007 0:00;28,09;87,06;448,23
02.03.2007 0:00;27,76;85,41;438,68
05.03.2007 0:00;27,55;86,32;440,94
06.03.2007 0:00;27,83;88,19;457,55
07.03.2007 0:00;27,61;87,72;455,64
08.03.2007 0:00;27,32;88;454,72
09.03.2007 0:00;27,29;87,97;452,96
12.03.2007 0:00;27,44;89,87;454,75
13.03.2007 0:00;26,72;88,4;443,03
14.03.2007 0:00;27,4;90;448
15.03.2007 0:00;27,28;89,57;446,19
16.03.2007 0:00;27,33;89,59;440,85
19.03.2007 0:00;27,83;91,13;447,23
20.03.2007 0:00;27,84;91,48;445,28
21.03.2007 0:00;28,52;93,87;456,55
22.03.2007 0:00;28,27;93,96;462,04
23.03.2007 0:00;28,02;93,52;461,83
26.03.2007 0:00;28,22;95,85;465
27.03.2007 0:00;27,72;95,46;463,62
28.03.2007 0:00;27,64;93,24;461,88
29.03.2007 0:00;27,75;93,75;460,92
30.03.2007 0:00;27,87;92,91;458,16
02.04.2007 0:00;27,74;93,65;458,53
03.04.2007 0:00;27,87;94,5;472,6
04.04.2007 0:00;28,5;94,27;471,02
05.04.2007 0:00;28,55;94,68;471,51
09.04.2007 0:00;28,57;93,65;468,21
10.04.2007 0:00;28,4;94,25;466,5
11.04.2007 0:00;28,11;92,59;464,53
12.04.2007 0:00;28,54;92,19;467,39
13.04.2007 0:00;28,61;90,24;466,29
16.04.2007 0:00;28,73;91,43;474,27
17.04.2007 0:00;28,85;90,35;472,8
18.04.2007 0:00;28,6;90,4;476,01
19.04.2007 0:00;28,69;90,27;471,65
20.04.2007 0:00;29,02;90,97;482,48
23.04.2007 0:00;28,78;93,51;479,08
24.04.2007 0:00;28,79;93,24;477,53
25.04.2007 0:00;28,99;95,35;477,99
26.04.2007 0:00;29,1;98,84;481,18
27.04.2007 0:00;30,12;99,92;479,01
30.04.2007 0:00;29,94;99,8;471,38
01.05.2007 0:00;30,4;99,47;469
02.05.2007 0:00;30,61;100,39;465,78
03.05.2007 0:00;30,97;100,4;473,23
04.05.2007 0:00;30,56;100,81;471,12
07.05.2007 0:00;30,71;103,92;467,27
08.05.2007 0:00;30,75;105,06;466,81
09.05.2007 0:00;30,78;106,88;469,25
10.05.2007 0:00;30,58;107,34;461,47
11.05.2007 0:00;30,89;108,74;466,74
14.05.2007 0:00;30,97;109,36;461,78
15.05.2007 0:00;30,9;107,52;458
16.05.2007 0:00;31,07;107,34;472,61
17.05.2007 0:00;30,98;109,44;470,96
18.05.2007 0:00;30,83;110,02;470,32
21.05.2007 0:00;31,05;111,98;470,6
22.05.2007 0:00;30,69;113,54;475,86
23.05.2007 0:00;30,58;112,89;473,97
24.05.2007 0:00;30,17;110,69;474,33
25.05.2007 0:00;30,48;113,62;483,52
29.05.2007 0:00;30,79;114,35;487,11
30.05.2007 0:00;31,11;118,77;498,6
31.05.2007 0:00;30,69;121,19;497,91
01.06.2007 0:00;30,59;118,4;500,4
04.06.2007 0:00;30,72;121,33;507,07
05.06.2007 0:00;30,58;122,67;518,84
06.06.2007 0:00;30,29;123,64;518,25
07.06.2007 0:00;29,62;124,07;515,06
08.06.2007 0:00;30,05;124,49;515,49
11.06.2007 0:00;30,02;120,19;511,34
12.06.2007 0:00;29,85;120,38;504,77
13.06.2007 0:00;30,39;117,5;505,24
14.06.2007 0:00;30,52;118,75;502,84
15.06.2007 0:00;30,49;120,5;505,89
18.06.2007 0:00;30,51;125,09;515,2
19.06.2007 0:00;30,46;123,66;514,31
20.06.2007 0:00;30,01;121,55;509,97
21.06.2007 0:00;30,22;123,9;514,11
22.06.2007 0:00;29,49;123;524,98
25.06.2007 0:00;29,49;122,34;527,42
26.06.2007 0:00;29,52;119,65;530,26
27.06.2007 0:00;29,87;121,89;526,29
28.06.2007 0:00;29,83;120,56;525,01
29.06.2007 0:00;29,47;122,04;522,7
02.07.2007 0:00;29,74;121,26;530,38
03.07.2007 0:00;30,02;127,17;534,34
05.07.2007 0:00;29,99;132,75;541,63
06.07.2007 0:00;29,97;132,3;539,4
09.07.2007 0:00;29,87;130,33;542,56
10.07.2007 0:00;29,33;132,35;543,34
11.07.2007 0:00;29,49;132,39;544,47
12.07.2007 0:00;30,07;134,07;545,33
13.07.2007 0:00;29,82;137,73;552,16
16.07.2007 0:00;30,03;138,1;552,99
17.07.2007 0:00;30,78;138,91;555
18.07.2007 0:00;30,92;138,12;549,5
19.07.2007 0:00;31,51;140;548,59
20.07.2007 0:00;31,16;143,75;520,12
23.07.2007 0:00;31,19;143,7;512,51
24.07.2007 0:00;30,8;134,89;514
25.07.2007 0:00;30,71;137,26;509,76
26.07.2007 0:00;29,98;146;508
27.07.2007 0:00;29,39;143,85;511,89
30.07.2007 0:00;29,4;141,43;516,11
31.07.2007 0:00;28,99;131,76;510
01.08.2007 0:00;29,3;135;512,94
02.08.2007 0:00;29,52;136,49;511,01
03.08.2007 0:00;28,96;131,85;503
06.08.2007 0:00;29,54;135,25;510
07.08.2007 0:00;29,55;135,03;516,02
08.08.2007 0:00;30;134,01;525,78
09.08.2007 0:00;29,3;126,39;514,73
10.08.2007 0:00;28,71;125;515,75
13.08.2007 0:00;28,63;127,79;515,5
14.08.2007 0:00;28,27;124,03;508,6
15.08.2007 0:00;28,1;119,9;497,55
16.08.2007 0:00;27,81;117,05;491,52
17.08.2007 0:00;28,25;122,06;500,04
20.08.2007 0:00;28,26;122,22;497,92
21.08.2007 0:00;28,07;127,57;506,61
22.08.2007 0:00;28,22;132,51;512,75
23.08.2007 0:00;28,3;131,07;512,19
24.08.2007 0:00;28,81;135,3;515
27.08.2007 0:00;28,49;132,25;513,26
28.08.2007 0:00;27,93;126,82;506,4
29.08.2007 0:00;28,59;134,08;512,88
30.08.2007 0:00;28,45;136,25;511,4
31.08.2007 0:00;28,73;138,48;515,25
04.09.2007 0:00;28,81;144,16;525,15
05.09.2007 0:00;28,48;136,76;527,8
06.09.2007 0:00;28,91;135,01;523,52
07.09.2007 0:00;28,44;131,77;519,35
10.09.2007 0:00;28,48;136,71;514,48
11.09.2007 0:00;28,93;135,49;521,33
12.09.2007 0:00;28,93;136,85;522,65
13.09.2007 0:00;29,16;137,2;524,78
14.09.2007 0:00;29,04;138,81;528,75
17.09.2007 0:00;28,72;138,41;525,3
18.09.2007 0:00;28,93;140,92;535,27
19.09.2007 0:00;28,67;140,77;546,85
20.09.2007 0:00;28,42;140,31;552,83
21.09.2007 0:00;28,65;144,15;560,1
24.09.2007 0:00;29,08;148,28;568,02
25.09.2007 0:00;29,56;153,18;569
26.09.2007 0:00;29,5;152,77;568,16
27.09.2007 0:00;29,49;154,5;567,5
28.09.2007 0:00;29,46;153,47;567,27
01.10.2007 0:00;29,77;156,34;582,55
02.10.2007 0:00;29,7;158,45;584,39
03.10.2007 0:00;29,45;157,92;584,02
04.10.2007 0:00;29,71;156,24;579,03
05.10.2007 0:00;29,84;161,45;594,05
08.10.2007 0:00;29,84;167,91;609,62
09.10.2007 0:00;30,1;167,86;615,18
10.10.2007 0:00;30,23;166,79;625,39
11.10.2007 0:00;29,91;162,23;622
12.10.2007 0:00;30,17;167,25;637,39
15.10.2007 0:00;30,04;166,98;620,11
16.10.2007 0:00;30,32;169,58;616
17.10.2007 0:00;31,08;172,75;633,48
18.10.2007 0:00;31,16;173,5;639,62
19.10.2007 0:00;30,17;170,42;644,71
22.10.2007 0:00;30,51;174,36;650,75
23.10.2007 0:00;30,9;186,16;675,77
24.10.2007 0:00;31,25;185,93;675,82
25.10.2007 0:00;31,99;182,78;668,51
26.10.2007 0:00;35,03;184,7;674,6
29.10.2007 0:00;34,57;185,09;679,23
30.10.2007 0:00;35,57;187;694,77
31.10.2007 0:00;36,81;189,95;707
01.11.2007 0:00;37,06;187,44;703,21
02.11.2007 0:00;37,06;187,87;711,25
05.11.2007 0:00;36,73;186,18;725,65
06.11.2007 0:00;36,41;191,79;741,79
07.11.2007 0:00;35,52;186,3;732,94
08.11.2007 0:00;34,74;175,47;693,84
09.11.2007 0:00;33,73;165,37;663,97
12.11.2007 0:00;33,38;153,76;632,07
13.11.2007 0:00;34,46;169,96;660,55
14.11.2007 0:00;33,93;166,11;641,68
15.11.2007 0:00;33,76;164,3;629,65
16.11.2007 0:00;34,09;166,39;633,63
19.11.2007 0:00;33,96;163,95;625,85
20.11.2007 0:00;34,58;168,85;648,54
21.11.2007 0:00;34,23;168,46;660,52
23.11.2007 0:00;34,11;171,54;676,7
26.11.2007 0:00;32,97;172,54;666
27.11.2007 0:00;33,06;174,81;673,57
28.11.2007 0:00;33,7;180,22;692,26
29.11.2007 0:00;33,59;184,29;697
30.11.2007 0:00;33,6;182,22;693
03.12.2007 0:00;32,92;178,86;681,53
04.12.2007 0:00;32,77;179,81;684,16
05.12.2007 0:00;34,15;185,5;698,51
06.12.2007 0:00;34,55;189,95;715,26
07.12.2007 0:00;34,53;194,3;714,87
10.12.2007 0:00;34,76;194,21;718,42
11.12.2007 0:00;34,1;188,54;699,2
12.12.2007 0:00;34,47;190,86;699,35
13.12.2007 0:00;35,22;191,83;694,05
14.12.2007 0:00;35,31;190,39;689,96
17.12.2007 0:00;34,39;184,4;669,23
18.12.2007 0:00;34,74;182,98;673,35
19.12.2007 0:00;34,79;183,12;677,37
20.12.2007 0:00;35,52;187,21;689,69
21.12.2007 0:00;36,06;193,91;696,69
24.12.2007 0:00;36,58;198,8;700,73
26.12.2007 0:00;36,61;198,95;710,84
27.12.2007 0:00;35,97;198,57;700,74
28.12.2007 0:00;36,12;199,83;702,53
31.12.2007 0:00;35,6;198,08;691,48
02.01.2008 0:00;35,22;194,84;685,19
03.01.2008 0:00;35,37;194,93;685,33
04.01.2008 0:00;34,38;180,05;657
07.01.2008 0:00;34,61;177,64;649,25
08.01.2008 0:00;33,45;171,25;631,68
09.01.2008 0:00;34,44;179,4;653,2
10.01.2008 0:00;34,33;178,02;646,73
11.01.2008 0:00;33,91;172,69;638,25
14.01.2008 0:00;34,39;178,78;653,82
15.01.2008 0:00;34;169,04;637,65
16.01.2008 0:00;33,23;159,64;615,95
17.01.2008 0:00;33,11;160,89;600,79
18.01.2008 0:00;33,01;161,36;600,25
22.01.2008 0:00;31,99;155,64;584,35
23.01.2008 0:00;31,93;139,07;548,62
24.01.2008 0:00;33,25;135,6;574,49
25.01.2008 0:00;32,94;130,01;566,4
28.01.2008 0:00;32,72;130,01;555,98
29.01.2008 0:00;32,6;131,54;550,52
30.01.2008 0:00;32,2;132,18;548,27
31.01.2008 0:00;32,6;135,36;564,3
01.02.2008 0:00;30,45;133,75;515,9
04.02.2008 0:00;30,19;131,65;495,43
05.02.2008 0:00;29,07;129,36;506,8
06.02.2008 0:00;28,52;122;501,71
07.02.2008 0:00;28,12;121,24;504,95
08.02.2008 0:00;28,56;125,48;516,69
11.02.2008 0:00;28,21;129,45;521,16
12.02.2008 0:00;28,34;124,86;518,09
13.02.2008 0:00;28,96;129,4;534,62
14.02.2008 0:00;28,5;127,46;532,25
15.02.2008 0:00;28,42;124,63;529,64
19.02.2008 0:00;28,17;122,18;508,95
20.02.2008 0:00;28,22;123,82;509
21.02.2008 0:00;28,1;121,54;502,86
22.02.2008 0:00;27,68;119,46;507,8
25.02.2008 0:00;27,84;119,74;486,44
26.02.2008 0:00;28,38;119,15;464,19
27.02.2008 0:00;28,26;122,96;472,86
28.02.2008 0:00;27,93;129,91;475,39
29.02.2008 0:00;27,2;125,02;471,18
03.03.2008 0:00;26,99;121,73;457,02
04.03.2008 0:00;27,59;124,62;444,6
05.03.2008 0:00;28,12;124,49;447,7
06.03.2008 0:00;27,57;120,93;432,7
07.03.2008 0:00;27,87;122,25;433,35
10.03.2008 0:00;28,05;119,69;413,62
11.03.2008 0:00;29,28;127,35;439,84
12.03.2008 0:00;28,63;126,03;440,18
13.03.2008 0:00;28,62;127,94;443,01
14.03.2008 0:00;27,96;126,61;437,92
17.03.2008 0:00;28,3;126,73;419,87
18.03.2008 0:00;29,42;132,82;439,16
19.03.2008 0:00;28,62;129,67;432
20.03.2008 0:00;29,18;133,27;433,55
24.03.2008 0:00;29,17;139,53;460,56
25.03.2008 0:00;29,14;140,98;450,78
26.03.2008 0:00;28,56;145,06;458,19
27.03.2008 0:00;28,05;140,25;444,08
28.03.2008 0:00;27,91;143,01;438,08
31.03.2008 0:00;28,38;143,5;440,47
01.04.2008 0:00;29,5;149,53;465,71
02.04.2008 0:00;29,16;147,49;465,7
03.04.2008 0:00;29;151,61;455,12
04.04.2008 0:00;29,16;153,08;471,09
07.04.2008 0:00;29,16;155,89;476,82
08.04.2008 0:00;28,75;152,84;467,81
09.04.2008 0:00;28,89;151,44;464,19
10.04.2008 0:00;29,11;154,55;469,08
11.04.2008 0:00;28,28;147,14;457,45
14.04.2008 0:00;28,06;147,78;451,66
15.04.2008 0:00;28,25;148,38;446,84
16.04.2008 0:00;28,95;153,7;455,03
17.04.2008 0:00;29,22;154,49;449,54
18.04.2008 0:00;30;161,04;539,41
21.04.2008 0:00;30,42;168,16;537,79
22.04.2008 0:00;30,25;160,2;555
23.04.2008 0:00;31,45;162,89;546,49
24.04.2008 0:00;31,8;168,94;543,04
25.04.2008 0:00;29,83;169,73;544,06
28.04.2008 0:00;28,99;172,24;552,12
29.04.2008 0:00;28,64;175,05;558,47
30.04.2008 0:00;28,52;173,95;574,29
01.05.2008 0:00;29,4;180;593,08
02.05.2008 0:00;29,24;180,94;581,29
05.05.2008 0:00;29,08;184,73;594,9
06.05.2008 0:00;29,7;186,66;586,36
07.05.2008 0:00;29,21;182,59;579
08.05.2008 0:00;29,27;185,06;583,01
09.05.2008 0:00;29,39;183,45;573,2
12.05.2008 0:00;29,99;188,16;584,94
13.05.2008 0:00;29,78;189,96;583
14.05.2008 0:00;29,93;186,26;576,3
15.05.2008 0:00;30,45;189,73;581
16.05.2008 0:00;29,99;187,62;580,07
19.05.2008 0:00;29,46;183,6;577,52
20.05.2008 0:00;28,76;185,9;578,6
21.05.2008 0:00;28,25;178,19;549,99
22.05.2008 0:00;28,47;177,05;549,46
23.05.2008 0:00;28,05;181,17;544,62
27.05.2008 0:00;28,44;186,43;560,9
28.05.2008 0:00;28,18;187,01;568,24
29.05.2008 0:00;28,31;186,69;583
30.05.2008 0:00;28,32;188,75;585,8
02.06.2008 0:00;27,8;186,1;575
03.06.2008 0:00;27,31;185,37;567,3
04.06.2008 0:00;27,54;185,19;572,22
05.06.2008 0:00;28,3;189,43;586,3
06.06.2008 0:00;27,49;185,64;567
09.06.2008 0:00;27,71;181,61;557,87
10.06.2008 0:00;27,89;185,64;554,17
11.06.2008 0:00;27,12;180,81;545,2
12.06.2008 0:00;28,24;173,26;552,95
13.06.2008 0:00;29,07;172,37;571,51
16.06.2008 0:00;28,93;176,84;572,81
17.06.2008 0:00;28,8;181,43;569,46
18.06.2008 0:00;28,46;178,75;562,38
19.06.2008 0:00;28,93;180,9;560,2
20.06.2008 0:00;28,23;175,27;546,43
23.06.2008 0:00;27,97;173,16;545,21
24.06.2008 0:00;27,73;173,25;542,3
25.06.2008 0:00;28,35;177,39;551
26.06.2008 0:00;27,75;168,26;528,82
27.06.2008 0:00;27,63;170,09;528,07
30.06.2008 0:00;27,51;167,44;526,42
01.07.2008 0:00;26,87;174,68;534,73
02.07.2008 0:00;25,88;168,18;527,04
03.07.2008 0:00;25,98;170,12;537
07.07.2008 0:00;26,03;175,16;543,91
08.07.2008 0:00;25,85;179,55;554,53
09.07.2008 0:00;25,23;174,25;541,55
10.07.2008 0:00;25,45;176,63;540,57
11.07.2008 0:00;25,25;172,58;533,8
14.07.2008 0:00;25,15;173,88;521,62
15.07.2008 0:00;26,15;169,64;516,09
16.07.2008 0:00;27,26;172,81;535,6
17.07.2008 0:00;27,52;171,81;533,44
18.07.2008 0:00;25,86;165,15;481,32
21.07.2008 0:00;25,64;166,29;468,8
22.07.2008 0:00;25,8;162,02;477,11
23.07.2008 0:00;26,43;166,26;489,22
24.07.2008 0:00;25,44;159,03;475,62
25.07.2008 0:00;26,16;162,12;491,98
28.07.2008 0:00;25,5;154,4;477,12
29.07.2008 0:00;26,11;157,08;483,11
30.07.2008 0:00;26,23;159,88;482,7
31.07.2008 0:00;25,72;158,95;473,75
01.08.2008 0:00;25,44;156,66;467,86
04.08.2008 0:00;25,28;153,23;463
05.08.2008 0:00;26,21;160,64;479,85
06.08.2008 0:00;27,02;164,19;486,34
07.08.2008 0:00;27,39;163,57;479,12
08.08.2008 0:00;28,13;169,55;495,01
11.08.2008 0:00;27,9;173,56;500,84
12.08.2008 0:00;28,12;176,73;502,61
13.08.2008 0:00;27,91;179,3;500,03
14.08.2008 0:00;27,91;179,32;505,49
15.08.2008 0:00;27,81;175,74;510,15
18.08.2008 0:00;27,69;175,39;498,3
19.08.2008 0:00;27,32;173,53;490,5
20.08.2008 0:00;27,29;175,84;485
21.08.2008 0:00;27,18;174,29;486,53
22.08.2008 0:00;27,84;176,79;490,59
25.08.2008 0:00;27,66;172,55;483,01
26.08.2008 0:00;27,27;173,64;474,16
27.08.2008 0:00;27,56;174,67;468,58
28.08.2008 0:00;27,94;173,74;473,78
29.08.2008 0:00;27,29;169,53;463,29
02.09.2008 0:00;27,1;166,19;465,25
03.09.2008 0:00;26,9;166,96;464,41
04.09.2008 0:00;26,35;161,22;450,26
05.09.2008 0:00;25,65;160,18;444,25
08.09.2008 0:00;26,12;157,92;419,95
09.09.2008 0:00;26,1;151,68;418,66
10.09.2008 0:00;26,44;151,61;414,16
11.09.2008 0:00;27,34;152,65;433,75
12.09.2008 0:00;27,62;148,94;437,66
15.09.2008 0:00;26,82;140,36;433,86
16.09.2008 0:00;25,99;139,88;442,93
17.09.2008 0:00;24,57;127,83;414,49
18.09.2008 0:00;25,26;134,09;439,08
19.09.2008 0:00;25,16;140,91;449,15
22.09.2008 0:00;25,4;131,05;430,14
23.09.2008 0:00;25,44;126,84;429,27
24.09.2008 0:00;25,72;128,71;435,11
25.09.2008 0:00;26,61;131,93;439,6
26.09.2008 0:00;27,4;128,24;431,04
29.09.2008 0:00;25,01;105,26;381
30.09.2008 0:00;26,69;113,66;400,52
01.10.2008 0:00;26,48;109,12;411,72
02.10.2008 0:00;26,25;100,1;390,49
03.10.2008 0:00;26,32;97,07;386,91
06.10.2008 0:00;24,91;98,14;371,21
07.10.2008 0:00;23,23;89,16;346,01
08.10.2008 0:00;23,01;89,79;338,11
09.10.2008 0:00;22,3;88,74;328,98
10.10.2008 0:00;21,5;96,8;332
13.10.2008 0:00;25,5;110,26;381,02
14.10.2008 0:00;24,1;104,08;362,71
15.10.2008 0:00;22,66;97,95;339,17
16.10.2008 0:00;24,19;101,89;353,02
17.10.2008 0:00;23,93;97,4;372,54
20.10.2008 0:00;24,72;98,44;379,32
21.10.2008 0:00;23,36;91,49;362,75
22.10.2008 0:00;21,53;96,87;355,67
23.10.2008 0:00;22,32;98,23;352,32
24.10.2008 0:00;21,96;96,38;339,29
27.10.2008 0:00;21,18;92,09;329,49
28.10.2008 0:00;23,1;99,91;368,75
29.10.2008 0:00;23;104,55;358
30.10.2008 0:00;22,63;111,04;359,69
31.10.2008 0:00;22,33;107,59;359,36
03.11.2008 0:00;22,62;106,96;346,49
04.11.2008 0:00;23,53;110,99;366,94
05.11.2008 0:00;22,08;103,3;342,24
06.11.2008 0:00;20,88;99,1;331,22
07.11.2008 0:00;21,5;98,24;331,14
10.11.2008 0:00;21,3;95,88;318,78
11.11.2008 0:00;21,2;94,77;311,46
12.11.2008 0:00;20,3;90,12;291
13.11.2008 0:00;21,25;96,44;312,08
14.11.2008 0:00;20,06;90,24;310,02
17.11.2008 0:00;19,32;88,14;300,12
18.11.2008 0:00;19,62;89,91;297,42
19.11.2008 0:00;18,29;86,29;280,18
20.11.2008 0:00;17,53;80,49;259,56
21.11.2008 0:00;19,68;82,58;262,43
24.11.2008 0:00;20,69;92,95;257,44
25.11.2008 0:00;19,99;90,8;282,05
26.11.2008 0:00;20,49;95;292,09
27.11.2008 0:00;20,49;95;292,09
28.11.2008 0:00;20,22;92,67;292,96
01.12.2008 0:00;18,61;88,93;265,99
02.12.2008 0:00;19,15;92,47;275,11
03.12.2008 0:00;19,87;95,9;279,43
04.12.2008 0:00;19,11;91,41;274,34
05.12.2008 0:00;19,87;94;283,99
08.12.2008 0:00;21,01;99,72;302,11
09.12.2008 0:00;20,6;100,06;305,97
10.12.2008 0:00;20,61;98,21;308,82
11.12.2008 0:00;19,45;95;300,22
12.12.2008 0:00;19,36;98,27;315,76
15.12.2008 0:00;19,04;94,75;310,67
16.12.2008 0:00;20,11;95,43;325,28
17.12.2008 0:00;19,66;89,16;315,24
18.12.2008 0:00;19,3;89,43;310,28
19.12.2008 0:00;19,12;90;310,17
22.12.2008 0:00;19,18;85,74;297,11
23.12.2008 0:00;19,28;86,38;298,02
24.12.2008 0:00;19,17;85,04;302,95
25.12.2008 0:00;19,17;85,04;302,95
26.12.2008 0:00;19,13;85,81;300,36
29.12.2008 0:00;18,96;86,61;297,42
30.12.2008 0:00;19,34;86,29;303,11
31.12.2008 0:00;19,44;85,35;307,65
01.01.2009 0:00;19,44;85,35;307,65
02.01.2009 0:00;20,33;90,75;321,32
05.01.2009 0:00;20,52;94,58;328,05
06.01.2009 0:00;20,76;93,02;334,06
07.01.2009 0:00;19,51;91,01;322,01
08.01.2009 0:00;20,12;92,7;325,19
09.01.2009 0:00;19,52;90,58;315,07
12.01.2009 0:00;19,47;88,66;312,69
13.01.2009 0:00;19,82;87,71;314,32
14.01.2009 0:00;19,09;85,33;300,97
15.01.2009 0:00;19,24;83,38;298,99
16.01.2009 0:00;19,71;82,33;299,67
20.01.2009 0:00;18,48;78,2;282,75
21.01.2009 0:00;19,38;82,83;303,08
22.01.2009 0:00;17,11;88,36;306,5
23.01.2009 0:00;17,2;88,36;324,7
26.01.2009 0:00;17,63;89,64;323,87
27.01.2009 0:00;17,66;90,73;331,48
28.01.2009 0:00;18,04;94,2;348,67
29.01.2009 0:00;17,59;93;343,32
30.01.2009 0:00;17,1;90,13;338,53
02.02.2009 0:00;17,83;91,51;340,57
03.02.2009 0:00;18,5;92,98;340,45
04.02.2009 0:00;18,63;93,55;343
05.02.2009 0:00;19,04;96,46;353,72
06.02.2009 0:00;19,66;99,72;371,28
09.02.2009 0:00;19,44;102,51;378,77
10.02.2009 0:00;18,8;97,83;358,51
11.02.2009 0:00;19,21;96,82;358,04
12.02.2009 0:00;19,26;99,27;363,05
13.02.2009 0:00;19,09;99,16;357,68
17.02.2009 0:00;18,09;94,53;342,66
18.02.2009 0:00;18,12;94,37;353,11
19.02.2009 0:00;17,91;90,64;342,64
20.02.2009 0:00;18;91,2;346,45
23.02.2009 0:00;17,21;86,95;330,06
24.02.2009 0:00;17,17;90,25;345,45
25.02.2009 0:00;16,96;91,16;341,64
26.02.2009 0:00;16,42;89,19;337,18
27.02.2009 0:00;16,15;89,31;337,99
02.03.2009 0:00;15,79;87,94;327,16
03.03.2009 0:00;15,88;88,37;325,48
04.03.2009 0:00;16,12;91,17;318,92
05.03.2009 0:00;15,27;88,84;305,64
06.03.2009 0:00;15,28;85,3;308,57
09.03.2009 0:00;15,15;83,11;290,89
10.03.2009 0:00;16,48;88,63;308,17
11.03.2009 0:00;17,11;92,68;317,91
12.03.2009 0:00;17,01;96,35;323,53
13.03.2009 0:00;16,65;95,93;324,42
16.03.2009 0:00;16,25;95,42;319,69
17.03.2009 0:00;16,9;99,66;335,34
18.03.2009 0:00;16,96;101,52;333,1
19.03.2009 0:00;17,14;101,62;329,94
20.03.2009 0:00;17,06;101,59;330,16
23.03.2009 0:00;18,33;107,66;348,6
24.03.2009 0:00;17,93;106,5;347,16
25.03.2009 0:00;17,88;106,49;344,07
26.03.2009 0:00;18,83;109,87;353,29
27.03.2009 0:00;18,13;106,85;347,7
30.03.2009 0:00;17,48;104,49;342,69
31.03.2009 0:00;18,37;105,12;348,06
01.04.2009 0:00;19,31;108,69;354,09
02.04.2009 0:00;19,29;112,71;362,5
03.04.2009 0:00;18,75;115,99;369,78
06.04.2009 0:00;18,76;118,45;368,24
07.04.2009 0:00;18,76;115;358,65
08.04.2009 0:00;19,19;116,32;362
09.04.2009 0:00;19,67;119,57;372,5
10.04.2009 0:00;19,67;119,57;372,5
13.04.2009 0:00;19,59;120,22;378,11
14.04.2009 0:00;19,35;118,31;368,91
15.04.2009 0:00;18,83;117,64;379,5
16.04.2009 0:00;19,76;121,45;388,74
17.04.2009 0:00;19,2;123,42;392,24
20.04.2009 0:00;18,61;120,5;379,3
21.04.2009 0:00;18,97;121,76;381,47
22.04.2009 0:00;18,78;121,51;383,86
23.04.2009 0:00;18,92;125,4;384,69
24.04.2009 0:00;20,91;123,9;389,49
27.04.2009 0:00;20,4;124,73;385,95
28.04.2009 0:00;19,93;123,9;383,71
29.04.2009 0:00;20,25;125,14;391,47
30.04.2009 0:00;20,26;125,83;395,97
01.05.2009 0:00;20,24;127,24;393,69
04.05.2009 0:00;20,19;132,07;401,98
05.05.2009 0:00;19,79;132,71;402,99
06.05.2009 0:00;19,79;132,5;403,47
07.05.2009 0:00;19,32;129,06;396,61
08.05.2009 0:00;19,42;129,19;407,33
11.05.2009 0:00;19,32;129,57;407,98
12.05.2009 0:00;19,89;124,42;399,01
13.05.2009 0:00;19,75;119,49;389,54
14.05.2009 0:00;20,06;122,95;387,5
15.05.2009 0:00;20,22;122,42;390
18.05.2009 0:00;20,6;126,65;396,84
19.05.2009 0:00;20,31;127,45;398,88
20.05.2009 0:00;20,38;125,87;397,18
21.05.2009 0:00;19,82;124,18;396,5
22.05.2009 0:00;19,75;122,5;393,5
26.05.2009 0:00;20,34;130,78;404,36
27.05.2009 0:00;20,13;133,05;405,56
28.05.2009 0:00;20,45;135,07;410,4
29.05.2009 0:00;20,89;135,81;417,23
01.06.2009 0:00;21,4;139,35;426,56
02.06.2009 0:00;21,4;139,49;428,4
03.06.2009 0:00;21,73;140,95;431,65
04.06.2009 0:00;21,83;143,74;440,28
05.06.2009 0:00;22,14;144,67;444,32
08.06.2009 0:00;22,05;143,85;438,77
09.06.2009 0:00;22,08;142,72;435,62
10.06.2009 0:00;22,55;140,25;432,6
11.06.2009 0:00;22,83;139,95;429
12.06.2009 0:00;23,33;136,97;424,84
15.06.2009 0:00;23,42;136,09;416,77
16.06.2009 0:00;23,45;136,35;416
17.06.2009 0:00;23,68;135,58;415,16
18.06.2009 0:00;23,5;135,88;414,06
19.06.2009 0:00;24,07;139,48;420,09
22.06.2009 0:00;23,28;137,37;407,35
23.06.2009 0:00;23,34;134,01;405,68
24.06.2009 0:00;23,47;136,22;409,29
25.06.2009 0:00;23,79;139,86;415,77
26.06.2009 0:00;23,35;142,44;425,32
29.06.2009 0:00;23,86;141,97;424,14
30.06.2009 0:00;23,77;142,43;421,59
01.07.2009 0:00;24,04;142,83;418,99
02.07.2009 0:00;23,37;140,02;408,49
03.07.2009 0:00;23,37;140,02;408,49
06.07.2009 0:00;23,2;138,61;409,61
07.07.2009 0:00;22,53;135,4;396,63
08.07.2009 0:00;22,56;137,22;402,49
09.07.2009 0:00;22,44;136,36;410,39
10.07.2009 0:00;22,39;138,52;414,4
13.07.2009 0:00;23,23;142,34;424,3
14.07.2009 0:00;23,11;142,27;424,69
15.07.2009 0:00;24,12;146,88;438,17
16.07.2009 0:00;24,44;147,52;442,6
17.07.2009 0:00;24,29;151,75;430,25
20.07.2009 0:00;24,53;152,91;430,17
21.07.2009 0:00;24,83;151,51;427,9
22.07.2009 0:00;24,8;156,74;427,69
23.07.2009 0:00;25,56;157,82;437,34
24.07.2009 0:00;23,45;159,99;446,72
27.07.2009 0:00;23,11;160,1;444,8
28.07.2009 0:00;23,47;160;439,85
29.07.2009 0:00;23,8;160,03;436,24
30.07.2009 0:00;23,81;162,79;445,64
31.07.2009 0:00;23,52;163,39;443,05
03.08.2009 0:00;23,83;166,43;452,21
04.08.2009 0:00;23,77;165,55;453,73
05.08.2009 0:00;23,81;165,11;451,14
06.08.2009 0:00;23,46;163,91;450,36
07.08.2009 0:00;23,56;165,51;457,1
10.08.2009 0:00;23,42;164,72;456,61
11.08.2009 0:00;23,13;162,83;453,94
12.08.2009 0:00;23,53;165,31;458,58
13.08.2009 0:00;23,62;168,42;462,28
14.08.2009 0:00;23,69;166,78;460
17.08.2009 0:00;23,25;159,59;444,89
18.08.2009 0:00;23,58;164;445,28
19.08.2009 0:00;23,65;164,6;443,97
20.08.2009 0:00;23,67;166,33;460,41
21.08.2009 0:00;24,41;169,22;465,24
24.08.2009 0:00;24,64;169,06;468,73
25.08.2009 0:00;24,64;169,4;471,37
26.08.2009 0:00;24,55;167,41;468
27.08.2009 0:00;24,69;169,45;466,06
28.08.2009 0:00;24,68;170,05;464,75
31.08.2009 0:00;24,65;168,21;461,67
01.09.2009 0:00;24;165,3;455,76
02.09.2009 0:00;23,86;165,18;453,01
03.09.2009 0:00;24,11;166,55;457,52
04.09.2009 0:00;24,62;170,31;461,3
08.09.2009 0:00;24,82;172,93;458,62
09.09.2009 0:00;24,78;171,14;463,97
10.09.2009 0:00;25;172,56;470,94
11.09.2009 0:00;24,86;172,16;472,14
14.09.2009 0:00;25;173,72;475,12
15.09.2009 0:00;25,2;175,16;477,54
16.09.2009 0:00;25,2;181,87;488,29
17.09.2009 0:00;25,3;184,55;491,72
18.09.2009 0:00;25,26;185,02;491,46
21.09.2009 0:00;25,3;184,02;497
22.09.2009 0:00;25,77;184,48;499,06
23.09.2009 0:00;25,71;185,5;498,46
24.09.2009 0:00;25,94;183,82;496,77
25.09.2009 0:00;25,55;182,37;492,48
28.09.2009 0:00;25,83;186,15;498,53
29.09.2009 0:00;25,75;185,38;498,53
30.09.2009 0:00;25,72;185,35;495,85
01.10.2009 0:00;24,88;180,86;487,2
02.10.2009 0:00;24,96;184,9;484,58
05.10.2009 0:00;24,64;186,02;488,52
06.10.2009 0:00;25,11;190,01;498,74
07.10.2009 0:00;25,1;190,25;517,54
08.10.2009 0:00;25,67;189,27;514,18
09.10.2009 0:00;25,55;190,47;516,25
12.10.2009 0:00;25,72;190,81;524,04
13.10.2009 0:00;25,81;190,02;526,11
14.10.2009 0:00;25,96;191,29;535,32
15.10.2009 0:00;26,71;190,56;529,91
16.10.2009 0:00;26,5;188,05;549,85
19.10.2009 0:00;26,36;189,86;552,09
20.10.2009 0:00;26,37;198,76;551,72
21.10.2009 0:00;26,58;204,92;551,1
22.10.2009 0:00;26,59;205,2;554,09
23.10.2009 0:00;28,02;203,94;553,69
26.10.2009 0:00;28,68;202,48;554,21
27.10.2009 0:00;28,59;197,37;548,29
28.10.2009 0:00;28,02;192,4;540,3
29.10.2009 0:00;28,22;196,35;551,05
30.10.2009 0:00;27,73;188,5;536,12
02.11.2009 0:00;27,88;189,31;533,99
03.11.2009 0:00;27,53;188,75;537,29
04.11.2009 0:00;28,06;190,81;540,33
05.11.2009 0:00;28,47;194,03;548,65
06.11.2009 0:00;28,52;194,34;551,1
09.11.2009 0:00;28,99;201,46;562,51
10.11.2009 0:00;29,01;202,98;566,76
11.11.2009 0:00;29,12;203,25;570,56
12.11.2009 0:00;29,36;201,99;567,85
13.11.2009 0:00;29,63;204,45;572,05
16.11.2009 0:00;29,54;206,63;576,28
17.11.2009 0:00;30;207;577,49
18.11.2009 0:00;30,11;205,96;576,65
19.11.2009 0:00;29,78;200,51;572,99
20.11.2009 0:00;29,62;199,92;569,96
23.11.2009 0:00;29,94;205,88;582,35
24.11.2009 0:00;29,91;204,44;583,09
25.11.2009 0:00;29,79;204,19;585,74
26.11.2009 0:00;29,79;204,19;585,74
27.11.2009 0:00;29,22;200,59;579,76
30.11.2009 0:00;29,41;199,91;583
01.12.2009 0:00;30,01;196,97;589,87
02.12.2009 0:00;29,78;196,23;587,51
03.12.2009 0:00;29,83;196,48;585,74
04.12.2009 0:00;29,98;193,32;585,01
07.12.2009 0:00;29,79;188,95;586,25
08.12.2009 0:00;29,57;189,87;587,05
09.12.2009 0:00;29,71;197,8;589,02
10.12.2009 0:00;29,87;196,43;591,5
11.12.2009 0:00;29,85;194,67;590,51
14.12.2009 0:00;30,11;196,98;595,73
15.12.2009 0:00;30,02;194,17;593,14
16.12.2009 0:00;30,1;195,03;597,76
17.12.2009 0:00;29,6;191,86;593,94
18.12.2009 0:00;30,36;195,43;596,42
21.12.2009 0:00;30,52;198,23;598,68
22.12.2009 0:00;30,82;200,36;601,12
23.12.2009 0:00;30,92;202,1;611,68
24.12.2009 0:00;31;209,04;618,48
25.12.2009 0:00;31;209,04;618,48
28.12.2009 0:00;31,17;211,61;622,87
29.12.2009 0:00;31,39;209,1;619,4
30.12.2009 0:00;30,96;211,64;622,73
31.12.2009 0:00;30,48;210,73;619,98
01.01.2010 0:00;30,48;210,73;619,98
04.01.2010 0:00;30,95;214,01;626,75
05.01.2010 0:00;30,96;214,38;623,99
06.01.2010 0:00;30,77;210,97;608,26
07.01.2010 0:00;30,45;210,58;594,1
08.01.2010 0:00;30,66;211,98;602,02
11.01.2010 0:00;30,27;210,11;601,11
12.01.2010 0:00;30,07;207,72;590,48
13.01.2010 0:00;30,35;210,65;587,09
14.01.2010 0:00;30,96;209,43;589,85
15.01.2010 0:00;30,86;205,93;580
18.01.2010 0:00;30,86;205,93;580
19.01.2010 0:00;31,1;215,04;587,62
20.01.2010 0:00;30,58;211,72;580,41
21.01.2010 0:00;30,01;208,07;582,98
22.01.2010 0:00;28,96;197,75;550,01
25.01.2010 0:00;29,32;203,08;540
26.01.2010 0:00;29,5;205,94;542,42
27.01.2010 0:00;29,67;207,88;542,1
28.01.2010 0:00;29,16;199,29;534,29
29.01.2010 0:00;28,18;192,06;529,94
01.02.2010 0:00;28,41;194,73;533,02
02.02.2010 0:00;28,46;195,86;531,12
03.02.2010 0:00;28,63;199,23;540,82
04.02.2010 0:00;27,84;192,05;526,78
05.02.2010 0:00;28,02;195,46;531,29
08.02.2010 0:00;27,72;194,12;533,47
09.02.2010 0:00;28,01;196,19;536,44
10.02.2010 0:00;27,99;195,12;534,44
11.02.2010 0:00;28,12;198,67;536,4
12.02.2010 0:00;27,93;200,38;533,12
15.02.2010 0:00;27,93;200,38;533,12
16.02.2010 0:00;28,35;203,4;541,3
17.02.2010 0:00;28,59;202,55;538,21
18.02.2010 0:00;28,97;202,93;543,22
19.02.2010 0:00;28,77;201,67;540,76
22.02.2010 0:00;28,73;200,42;542,8
23.02.2010 0:00;28,33;197,06;535,07
24.02.2010 0:00;28,63;200,66;531,47
25.02.2010 0:00;28,6;202;526,43
26.02.2010 0:00;28,67;204,62;526,8
01.03.2010 0:00;29,02;208,99;532,69
02.03.2010 0:00;28,46;208,85;541,06
03.03.2010 0:00;28,46;209,33;545,32
04.03.2010 0:00;28,63;210,71;554,59
05.03.2010 0:00;28,59;218,95;564,21
08.03.2010 0:00;28,63;219,08;562,48
09.03.2010 0:00;28,8;223,02;560,19
10.03.2010 0:00;28,97;224,84;576,45
11.03.2010 0:00;29,18;225,5;581,14
12.03.2010 0:00;29,27;226,6;579,54
15.03.2010 0:00;29,29;223,84;563,18
16.03.2010 0:00;29,37;224,45;565,2
17.03.2010 0:00;29,63;224,12;565,56
18.03.2010 0:00;29,61;224,65;566,4
19.03.2010 0:00;29,59;222,25;560
22.03.2010 0:00;29,6;224,75;557,5
23.03.2010 0:00;29,88;228,36;549
24.03.2010 0:00;29,65;229,37;557,33
25.03.2010 0:00;30,01;226,65;562,88
26.03.2010 0:00;29,66;230,9;562,69
29.03.2010 0:00;29,59;232,39;562,45
30.03.2010 0:00;29,77;235,84;566,71
31.03.2010 0:00;29,29;235;567,12
01.04.2010 0:00;29,16;235,97;568,8
02.04.2010 0:00;29,16;235,97;568,8
05.04.2010 0:00;29,27;238,49;571,01
06.04.2010 0:00;29,32;239,54;568,22
07.04.2010 0:00;29,35;240,6;563,54
08.04.2010 0:00;29,92;239,95;567,49
09.04.2010 0:00;30,34;241,79;566,22
12.04.2010 0:00;30,32;242,29;572,73
13.04.2010 0:00;30,45;242,43;586,77
14.04.2010 0:00;30,82;245,69;589
15.04.2010 0:00;30,87;248,92;595,3
16.04.2010 0:00;30,67;247,4;550,14
19.04.2010 0:00;31,04;247,07;550,1
20.04.2010 0:00;31,36;244,59;555,04
21.04.2010 0:00;31,33;259,22;554,3
22.04.2010 0:00;31,39;266,47;547,06
23.04.2010 0:00;30,96;270,83;544,99
26.04.2010 0:00;31,11;269,5;531,64
27.04.2010 0:00;30,84;262,04;529,06
28.04.2010 0:00;30,91;261,6;529,19
29.04.2010 0:00;31;268,64;532
30.04.2010 0:00;30,54;261,09;525,7
03.05.2010 0:00;30,86;266,35;530,6
04.05.2010 0:00;30,13;258,68;506,37
05.05.2010 0:00;29,85;255,98;509,76
06.05.2010 0:00;28,98;246,25;498,67
07.05.2010 0:00;28,21;235,86;493,14
10.05.2010 0:00;28,94;253,99;521,65
11.05.2010 0:00;28,88;256,52;509,05
12.05.2010 0:00;29,44;262,09;505,39
13.05.2010 0:00;29,24;258,36;510,88
14.05.2010 0:00;28,93;253,82;507,53
17.05.2010 0:00;28,94;254,22;507,97
18.05.2010 0:00;28,6;252,36;498,37
19.05.2010 0:00;28,24;248,34;494,43
20.05.2010 0:00;27,11;237,76;475,01
21.05.2010 0:00;26,84;242,32;472,05
24.05.2010 0:00;26,27;246,76;477,16
25.05.2010 0:00;26,07;245,22;477,07
26.05.2010 0:00;25,01;244,11;475,47
27.05.2010 0:00;26;253,35;490,46
28.05.2010 0:00;25,8;256,88;485,63
31.05.2010 0:00;25,8;256,88;485,63
01.06.2010 0:00;25,89;260,83;482,37
02.06.2010 0:00;26,46;263,95;493,37
03.06.2010 0:00;26,86;263,12;505,6
04.06.2010 0:00;25,79;255,96;498,72
07.06.2010 0:00;25,29;250,94;485,52
08.06.2010 0:00;25,11;249,33;484,78
09.06.2010 0:00;24,79;243,2;474,02
10.06.2010 0:00;25;250,51;487,01
11.06.2010 0:00;25,66;253,51;488,5
14.06.2010 0:00;25,5;254,28;483,19
15.06.2010 0:00;26,58;259,69;497,99
16.06.2010 0:00;26,32;267,25;501,27
17.06.2010 0:00;26,37;271,87;500,08
18.06.2010 0:00;26,44;274,07;500,03
21.06.2010 0:00;25,95;270,17;488,56
22.06.2010 0:00;25,77;273,85;486,25
23.06.2010 0:00;25,31;270,97;482,05
24.06.2010 0:00;25;269;475,1
25.06.2010 0:00;24,53;266,7;472,68
28.06.2010 0:00;24,31;268,3;472,08
29.06.2010 0:00;23,31;256,17;454,26
30.06.2010 0:00;23,01;251,53;444,95
01.07.2010 0:00;23,16;248,48;439,49
02.07.2010 0:00;23,27;246,94;436,55
05.07.2010 0:00;23,27;246,94;436,55
06.07.2010 0:00;23,82;248,63;436,07
07.07.2010 0:00;24,3;258,66;450,2
08.07.2010 0:00;24,41;258,09;456,56
09.07.2010 0:00;24,27;259,62;467,49
12.07.2010 0:00;24,83;257,28;475,83
13.07.2010 0:00;25,13;251,8;489,2
14.07.2010 0:00;25,44;252,73;491,34
15.07.2010 0:00;25,51;251,45;494,02
16.07.2010 0:00;24,89;249,9;459,6
19.07.2010 0:00;25,23;245,58;466,18
20.07.2010 0:00;25,48;251,89;481,59
21.07.2010 0:00;25,12;254,24;477,5
22.07.2010 0:00;25,84;259,02;484,81
23.07.2010 0:00;25,81;259,94;490,06
26.07.2010 0:00;26,1;259,28;488,97
27.07.2010 0:00;26,16;264,08;492,63
28.07.2010 0:00;25,95;260,96;484,35
29.07.2010 0:00;26,03;258,11;484,99
30.07.2010 0:00;25,81;257,25;484,85
02.08.2010 0:00;26,33;261,85;490,41
03.08.2010 0:00;26,16;261,93;489,83
04.08.2010 0:00;25,73;262,98;506,32
05.08.2010 0:00;25,37;261,7;508,1
06.08.2010 0:00;25,55;260,09;500,22
09.08.2010 0:00;25,61;261,75;505,35
10.08.2010 0:00;25,07;259,41;503,71
11.08.2010 0:00;24,86;250,19;491,74
12.08.2010 0:00;24,49;251,79;492,01
13.08.2010 0:00;24,4;249,1;486,35
16.08.2010 0:00;24,5;247,64;485,59
17.08.2010 0:00;24,71;251,97;490,52
18.08.2010 0:00;24,82;253,07;482,15
19.08.2010 0:00;24,44;249,88;467,97
20.08.2010 0:00;24,23;249,64;462,02
23.08.2010 0:00;24,28;245,8;464,07
24.08.2010 0:00;24,04;239,93;451,39
25.08.2010 0:00;24,1;242,89;454,62
26.08.2010 0:00;23,82;240,28;450,98
27.08.2010 0:00;23,93;241,62;458,83
30.08.2010 0:00;23,64;242,5;452,69
31.08.2010 0:00;23,46;243,1;450,02
01.09.2010 0:00;23,9;250,33;460,34
02.09.2010 0:00;23,94;252,17;463,18
03.09.2010 0:00;24,29;258,77;470,3
06.09.2010 0:00;24,29;258,77;470,3
07.09.2010 0:00;23,96;257,81;464,4
08.09.2010 0:00;23,93;262,92;470,58
09.09.2010 0:00;24,01;263,07;476,18
10.09.2010 0:00;23,85;263,41;476,14
13.09.2010 0:00;25,11;267,04;482,27
14.09.2010 0:00;25,03;268,06;480,43
15.09.2010 0:00;25,12;270,22;480,64
16.09.2010 0:00;25,33;276,57;481,06
17.09.2010 0:00;25,22;275,37;490,15
20.09.2010 0:00;25,43;283,23;508,28
21.09.2010 0:00;25,15;283,77;513,46
22.09.2010 0:00;24,61;287,75;516
23.09.2010 0:00;24,43;288,92;513,48
24.09.2010 0:00;24,78;292,32;527,29
27.09.2010 0:00;24,73;291,16;530,41
28.09.2010 0:00;24,68;286,86;527,17
29.09.2010 0:00;24,5;287,37;527,69
30.09.2010 0:00;24,49;283,75;525,79
01.10.2010 0:00;24,38;282,52;525,62
04.10.2010 0:00;23,91;278,64;522,35
05.10.2010 0:00;24,35;288,94;538,23
06.10.2010 0:00;24,43;289,19;534,35
07.10.2010 0:00;24,53;289,22;530,01
08.10.2010 0:00;24,57;294,07;536,35
11.10.2010 0:00;24,59;295,36;538,84
12.10.2010 0:00;24,83;298,54;541,39
13.10.2010 0:00;25,34;300,14;543,3
14.10.2010 0:00;25,23;302,31;540,93
15.10.2010 0:00;25,54;314,74;601,45
18.10.2010 0:00;25,82;318;617,71
19.10.2010 0:00;25,1;309,49;607,83
20.10.2010 0:00;25,31;310,53;607,98
21.10.2010 0:00;25,42;309,52;611,99
22.10.2010 0:00;25,38;307,47;612,53
25.10.2010 0:00;25,19;308,84;616,5
26.10.2010 0:00;25,9;308,05;618,6
27.10.2010 0:00;26,05;307,83;616,47
28.10.2010 0:00;26,28;305,24;618,58
29.10.2010 0:00;26,66;300,98;613,7
01.11.2010 0:00;26,95;304,18;615
02.11.2010 0:00;27,39;309,36;615,6
03.11.2010 0:00;27,03;312,8;620,18
04.11.2010 0:00;27,14;318,27;624,27
05.11.2010 0:00;26,85;317,13;625,08
08.11.2010 0:00;26,81;318,62;626,77
09.11.2010 0:00;26,95;316,08;624,82
10.11.2010 0:00;26,94;318,03;622,88
11.11.2010 0:00;26,68;316,66;617,19
12.11.2010 0:00;26,27;308,03;603,29
15.11.2010 0:00;26,2;307,04;595,47
16.11.2010 0:00;25,81;301,59;583,72
17.11.2010 0:00;25,57;300,5;583,55
18.11.2010 0:00;25,84;308,43;596,56
19.11.2010 0:00;25,69;306,73;590,83
22.11.2010 0:00;25,73;313,36;591,22
23.11.2010 0:00;25,12;308,73;583,01
24.11.2010 0:00;25,37;314,8;594,97
26.11.2010 0:00;25,25;315;590
29.11.2010 0:00;25,31;316,87;582,11
30.11.2010 0:00;25,26;311,15;555,71
01.12.2010 0:00;26,04;316,4;564,35
02.12.2010 0:00;26,89;318,15;571,82
03.12.2010 0:00;27,02;317,44;573
06.12.2010 0:00;26,84;320,15;578,36
07.12.2010 0:00;26,87;318,21;587,14
08.12.2010 0:00;27,23;321,01;590,54
09.12.2010 0:00;27,08;319,76;591,5
10.12.2010 0:00;27,34;320,56;592,21
13.12.2010 0:00;27,24;321,67;594,62
14.12.2010 0:00;27,62;320,29;594,91
15.12.2010 0:00;27,85;320,36;590,3
16.12.2010 0:00;27,99;321,25;591,71
17.12.2010 0:00;27,9;320,61;590,8
20.12.2010 0:00;27,81;322,21;595,06
21.12.2010 0:00;28,07;324,2;603,07
22.12.2010 0:00;28,19;325,16;605,49
23.12.2010 0:00;28,3;323,6;604,23
27.12.2010 0:00;28,07;324,68;602,38
28.12.2010 0:00;28,01;325,47;598,92
29.12.2010 0:00;27,97;325,29;601
30.12.2010 0:00;27,85;323,66;598,86
31.12.2010 0:00;27,91;322,56;593,97
03.01.2011 0:00;27,98;329,57;604,35
04.01.2011 0:00;28,09;331,29;602,12
05.01.2011 0:00;28;334;609,07
06.01.2011 0:00;28,82;333,73;613,5
07.01.2011 0:00;28,6;336,12;616,44
10.01.2011 0:00;28,22;342,46;614,21
11.01.2011 0:00;28,11;341,64;616,01
12.01.2011 0:00;28,55;344,42;616,87
13.01.2011 0:00;28,19;345,68;616,69
14.01.2011 0:00;28,3;348,48;624,18
18.01.2011 0:00;28,66;340,65;639,63
19.01.2011 0:00;28,47;338,84;631,75
20.01.2011 0:00;28,35;332,68;626,77
21.01.2011 0:00;28,02;326,72;611,83
24.01.2011 0:00;28,38;337,45;611,08
25.01.2011 0:00;28,45;341,4;619,91
26.01.2011 0:00;28,78;343,85;616,5
27.01.2011 0:00;28,87;343,21;616,79
28.01.2011 0:00;27,75;336,1;600,99
31.01.2011 0:00;27,72;339,32;600,36
01.02.2011 0:00;27,99;345,03;611,04
02.02.2011 0:00;27,94;344,32;612
03.02.2011 0:00;27,65;343,44;610,15
04.02.2011 0:00;27,77;346,5;610,98
07.02.2011 0:00;28,2;351,88;614,3
08.02.2011 0:00;28,28;355,2;618,38
09.02.2011 0:00;27,97;358,16;616,5
10.02.2011 0:00;27,5;354,54;616,44
11.02.2011 0:00;27,25;356,85;624,5
14.02.2011 0:00;27,23;359,18;628,15
15.02.2011 0:00;26,96;359,9;624,15
16.02.2011 0:00;27,02;363,13;624,22
17.02.2011 0:00;27,21;358,3;625,26
18.02.2011 0:00;27,06;350,56;630,08
22.02.2011 0:00;26,59;338,61;610,21
23.02.2011 0:00;26,59;342,62;611,32
24.02.2011 0:00;26,77;342,88;608,82
25.02.2011 0:00;26,55;348,16;610,04
28.02.2011 0:00;26,58;353,21;613,4
01.03.2011 0:00;26,16;349,31;600,76
02.03.2011 0:00;26,08;352,12;600,79
03.03.2011 0:00;26,2;359,56;609,56
04.03.2011 0:00;25,95;360;600,62
07.03.2011 0:00;25,72;355,36;591,66
08.03.2011 0:00;25,91;355,76;592,31
09.03.2011 0:00;25,89;352,47;591,77
10.03.2011 0:00;25,41;346,67;580,3
11.03.2011 0:00;25,68;351,99;576,71
14.03.2011 0:00;25,69;353,56;569,99
15.03.2011 0:00;25,39;345,43;569,56
16.03.2011 0:00;24,79;330,01;557,1
17.03.2011 0:00;24,78;334,64;561,36
18.03.2011 0:00;24,8;330,67;561,06
21.03.2011 0:00;25,33;339,3;576,5
22.03.2011 0:00;25,3;341,2;577,32
23.03.2011 0:00;25,54;339,19;582,16
24.03.2011 0:00;25,81;344,97;586,89
25.03.2011 0:00;25,62;351,54;579,74
28.03.2011 0:00;25,41;350,44;575,36
29.03.2011 0:00;25,49;350,96;581,73
30.03.2011 0:00;25,61;348,63;581,84
31.03.2011 0:00;25,39;348,51;586,76
01.04.2011 0:00;25,48;344,56;591,8
04.04.2011 0:00;25,55;341,19;587,68
05.04.2011 0:00;25,78;338,89;569,09
06.04.2011 0:00;26,15;338,04;574,18
07.04.2011 0:00;26,2;338,08;580
08.04.2011 0:00;26,07;335,06;578,16
11.04.2011 0:00;25,98;330,8;577,37
12.04.2011 0:00;25,64;332,4;570,61
13.04.2011 0:00;25,63;336,13;576,28
14.04.2011 0:00;25,42;332,42;578,51
15.04.2011 0:00;25,37;327,46;530,7
18.04.2011 0:00;25,08;331,85;526,84
19.04.2011 0:00;25,15;337,86;521,53
20.04.2011 0:00;25,76;342,41;525,73
21.04.2011 0:00;25,52;350,7;525,1
25.04.2011 0:00;25,61;353,01;525,05
26.04.2011 0:00;26,19;350,42;532,82
27.04.2011 0:00;26,38;350,15;537,76
28.04.2011 0:00;26,71;346,75;537,97
29.04.2011 0:00;25,92;350,13;544,1
02.05.2011 0:00;25,66;346,28;538,56
03.05.2011 0:00;25,81;348,2;533,89
04.05.2011 0:00;26,06;349,57;535,79
05.05.2011 0:00;25,79;346,75;534,27
06.05.2011 0:00;25,87;346,66;535,3
09.05.2011 0:00;25,83;347,6;537,68
10.05.2011 0:00;25,67;349,45;542,66
11.05.2011 0:00;25,36;347,23;535,45
12.05.2011 0:00;25,32;346,57;535,05
13.05.2011 0:00;25,03;340,5;529,55
16.05.2011 0:00;24,57;333,3;518,42
17.05.2011 0:00;24,52;336,14;530,46
18.05.2011 0:00;24,69;339,87;529,81
19.05.2011 0:00;24,72;340,53;531,25
20.05.2011 0:00;24,49;335,22;524,03
23.05.2011 0:00;24,17;334,4;518,39
24.05.2011 0:00;24,15;332,19;518,26
25.05.2011 0:00;24,19;336,78;519,67
26.05.2011 0:00;24,67;335;518,13
27.05.2011 0:00;24,76;337,41;520,9
31.05.2011 0:00;25,01;347,83;529,02
01.06.2011 0:00;24,43;345,51;525,6
02.06.2011 0:00;24,22;346,1;528,06
03.06.2011 0:00;23,9;343,44;523,08
06.06.2011 0:00;24,01;338,04;521,06
07.06.2011 0:00;24,06;332,04;519,03
08.06.2011 0:00;23,94;332,24;519,17
09.06.2011 0:00;23,96;331,49;516,73
10.06.2011 0:00;23,7;325,9;509,5
13.06.2011 0:00;24,04;326,6;504,73
14.06.2011 0:00;24,22;332,44;508,37
15.06.2011 0:00;23,74;326,75;502,95
16.06.2011 0:00;24;325,16;500,37
17.06.2011 0:00;24,26;320,26;485,02
20.06.2011 0:00;24,47;315,32;484,58
21.06.2011 0:00;24,76;325,3;493
22.06.2011 0:00;24,65;322,61;487
23.06.2011 0:00;24,63;331,23;480,22
24.06.2011 0:00;24,3;326,35;474,88
27.06.2011 0:00;25,2;332,04;482,8
28.06.2011 0:00;25,8;335,26;493,65
29.06.2011 0:00;25,62;334,04;497,57
30.06.2011 0:00;26;335,67;506,38
01.07.2011 0:00;26,02;343,26;521,03
05.07.2011 0:00;26,03;349,43;532,44
06.07.2011 0:00;26,33;351,76;535,36
07.07.2011 0:00;26,77;357,2;546,6
08.07.2011 0:00;26,92;359,71;531,99
11.07.2011 0:00;26,63;354;527,28
12.07.2011 0:00;26,54;353,75;534,01
13.07.2011 0:00;26,63;358,02;538,26
14.07.2011 0:00;26,47;357,77;528,94
15.07.2011 0:00;26,78;364,92;597,62
18.07.2011 0:00;26,59;373,8;594,94
19.07.2011 0:00;27,54;376,85;602,55
20.07.2011 0:00;27,06;386,9;595,35
21.07.2011 0:00;27,1;387,29;606,99
22.07.2011 0:00;27,53;393,3;618,23
25.07.2011 0:00;27,91;398,5;618,98
26.07.2011 0:00;28,08;403,41;622,52
27.07.2011 0:00;27,33;392,59;607,22
28.07.2011 0:00;27,72;391,82;610,94
29.07.2011 0:00;27,4;390,48;603,69
01.08.2011 0:00;27,27;396,75;606,77
02.08.2011 0:00;26,64;388,21;594,14
03.08.2011 0:00;26,92;392,57;601,17
04.08.2011 0:00;25,94;377,37;577,52
05.08.2011 0:00;25,68;373,62;579,04
08.08.2011 0:00;24,48;353,21;546,02
09.08.2011 0:00;25,58;374,01;573,41
10.08.2011 0:00;24,2;363,69;549,01
11.08.2011 0:00;25,19;373,7;562,13
12.08.2011 0:00;25,1;376,99;563,77
15.08.2011 0:00;25,51;383,41;557,23
16.08.2011 0:00;25,35;380,48;539
17.08.2011 0:00;25,24;380,44;533,15
18.08.2011 0:00;24,67;366,05;504,88
19.08.2011 0:00;24,05;356,03;490,92
22.08.2011 0:00;23,98;356,44;498,17
23.08.2011 0:00;24,72;373,6;518,82
24.08.2011 0:00;24,9;376,18;523,29
25.08.2011 0:00;24,57;373,72;520,04
26.08.2011 0:00;25,25;383,58;526,86
29.08.2011 0:00;25,84;389,97;539,08
30.08.2011 0:00;26,23;389,99;540,7
31.08.2011 0:00;26,6;384,83;540,96
01.09.2011 0:00;26,21;381,03;532,5
02.09.2011 0:00;25,8;374,05;524,84
06.09.2011 0:00;25,51;379,74;522,18
07.09.2011 0:00;26;383,93;534,03
08.09.2011 0:00;26,22;384,14;534,96
09.09.2011 0:00;25,74;377,48;524,85
12.09.2011 0:00;25,89;379,94;530,12
13.09.2011 0:00;26,04;384,62;529,52
14.09.2011 0:00;26,5;389,3;532,07
15.09.2011 0:00;26,99;392,96;542,56
16.09.2011 0:00;27,12;400,5;546,68
19.09.2011 0:00;27,21;411,63;546,67
20.09.2011 0:00;26,98;413,45;546,62
21.09.2011 0:00;25,99;412,14;539,2
22.09.2011 0:00;25,06;401,82;520,66
23.09.2011 0:00;25,06;404,3;525,51
26.09.2011 0:00;25,44;403,17;531,89
27.09.2011 0:00;25,67;399,26;539,34
28.09.2011 0:00;25,58;397,01;528,84
29.09.2011 0:00;25,45;390,57;527,5
30.09.2011 0:00;24,89;381,32;515,04
03.10.2011 0:00;24,53;374,6;495,52
04.10.2011 0:00;25,34;372,5;501,9
05.10.2011 0:00;25,89;378,25;504,7
06.10.2011 0:00;26,34;377,37;514,71
07.10.2011 0:00;26,25;369,8;515,12
10.10.2011 0:00;26,94;388,81;537,17
11.10.2011 0:00;27;400,29;543,18
12.10.2011 0:00;26,96;402,19;548,5
13.10.2011 0:00;27,18;408,43;558,99
14.10.2011 0:00;27,27;422;591,68
17.10.2011 0:00;26,98;419,99;582,41
18.10.2011 0:00;27,31;422,24;590,51
19.10.2011 0:00;27,13;398,62;580,7
20.10.2011 0:00;27,04;395,31;583,67
21.10.2011 0:00;27,16;392,87;590,49
24.10.2011 0:00;27,19;405,77;596,42
25.10.2011 0:00;26,81;397,77;583,16
26.10.2011 0:00;26,59;400,6;586,31
27.10.2011 0:00;27,25;404,69;598,67
28.10.2011 0:00;26,98;404,95;600,14
31.10.2011 0:00;26,63;404,78;592,64
01.11.2011 0:00;25,99;396,51;578,65
02.11.2011 0:00;26,01;397,41;584,82
03.11.2011 0:00;26,53;403,07;597,5
04.11.2011 0:00;26,25;400,24;596,14
07.11.2011 0:00;26,8;399,73;608,33
08.11.2011 0:00;27,16;406,23;612,34
09.11.2011 0:00;26,2;395,28;600,95
10.11.2011 0:00;26,28;385,22;595,08
11.11.2011 0:00;26,91;384,62;608,35
14.11.2011 0:00;26,76;379,26;613
15.11.2011 0:00;26,74;388,83;616,56
16.11.2011 0:00;26,07;384,77;611,47
17.11.2011 0:00;25,54;377,41;600,87
18.11.2011 0:00;25,3;374,94;594,88
21.11.2011 0:00;25;369,01;580,94
22.11.2011 0:00;24,79;376,51;580
23.11.2011 0:00;24,47;366,99;570,11
25.11.2011 0:00;24,3;363,57;563
28.11.2011 0:00;24,87;376,12;588,19
29.11.2011 0:00;24,84;373,2;582,93
30.11.2011 0:00;25,58;382,2;599,39
01.12.2011 0:00;25,28;387,93;613,77
02.12.2011 0:00;25,22;389,7;620,36
05.12.2011 0:00;25,7;393,01;625,65
06.12.2011 0:00;25,66;390,95;623,77
07.12.2011 0:00;25,6;389,09;623,39
08.12.2011 0:00;25,4;390,66;616,05
09.12.2011 0:00;25,7;393,62;627,42
12.12.2011 0:00;25,51;391,84;625,39
13.12.2011 0:00;25,76;388,81;625,63
14.12.2011 0:00;25,59;380,19;618,07
15.12.2011 0:00;25,56;378,94;619,54
16.12.2011 0:00;26;381,02;625,96
19.12.2011 0:00;25,53;382,21;621,83
20.12.2011 0:00;26,02;395,95;630,37
21.12.2011 0:00;25,76;396,44;625,82
22.12.2011 0:00;25,81;398,55;629,7
23.12.2011 0:00;26,03;403,33;633,14
27.12.2011 0:00;26,04;406,53;640,25
28.12.2011 0:00;25,82;402,64;639,7
29.12.2011 0:00;26,02;405,12;642,4
30.12.2011 0:00;25,96;405;645,9
03.01.2012 0:00;26,76;411,23;665,41
04.01.2012 0:00;27,4;413,44;668,28
05.01.2012 0:00;27,68;418,03;659,01
06.01.2012 0:00;28,1;422,4;650,02
09.01.2012 0:00;27,74;421,73;622,46
10.01.2012 0:00;27,84;423,24;623,14
11.01.2012 0:00;27,72;422,55;625,96
12.01.2012 0:00;28;421,39;629,64
13.01.2012 0:00;28,25;419,81;624,99
17.01.2012 0:00;28,26;424,7;628,58
18.01.2012 0:00;28,23;429,11;632,91
19.01.2012 0:00;28,12;427,75;639,57
20.01.2012 0:00;29,71;420,3;585,99
23.01.2012 0:00;29,73;427,41;585,52
24.01.2012 0:00;29,34;420,41;580,93
25.01.2012 0:00;29,56;446,66;569,49
26.01.2012 0:00;29,5;444,63;568,1
27.01.2012 0:00;29,23;447,28;579,98
30.01.2012 0:00;29,61;453,01;577,69
31.01.2012 0:00;29,53;456,48;580,11
01.02.2012 0:00;29,89;456,19;580,83
02.02.2012 0:00;29,95;455,12;585,11
03.02.2012 0:00;30,24;459,68;596,33
06.02.2012 0:00;30,2;463,97;609,09
07.02.2012 0:00;30,35;468,83;606,77
08.02.2012 0:00;30,66;476,68;609,85
09.02.2012 0:00;30,77;493,17;611,46
10.02.2012 0:00;30,5;493,42;605,91
13.02.2012 0:00;30,58;502,6;612,2
14.02.2012 0:00;30,25;509,46;609,76
15.02.2012 0:00;30,05;497,67;605,56
16.02.2012 0:00;31,28;502,21;606,52
17.02.2012 0:00;31,25;502,12;604,64
21.02.2012 0:00;31,44;514,85;614
22.02.2012 0:00;31,27;513,04;607,94
23.02.2012 0:00;31,37;516,39;606,11
24.02.2012 0:00;31,48;522,41;609,9
27.02.2012 0:00;31,35;525,76;609,31
28.02.2012 0:00;31,87;535,41;618,39
29.02.2012 0:00;31,74;542,44;618,25
01.03.2012 0:00;32,29;544,47;622,4
02.03.2012 0:00;32,08;545,18;621,25
05.03.2012 0:00;31,8;533,16;614,25
06.03.2012 0:00;31,56;530,26;604,96
07.03.2012 0:00;31,84;530,69;606,8
08.03.2012 0:00;32,01;541,99;607,14
09.03.2012 0:00;31,99;545,17;600,25
12.03.2012 0:00;32,04;552;605,15
13.03.2012 0:00;32,67;568,1;617,78
14.03.2012 0:00;32,77;589,58;615,99
15.03.2012 0:00;32,85;585,56;621,13
16.03.2012 0:00;32,6;585,57;625,04
19.03.2012 0:00;32,2;601,1;633,98
20.03.2012 0:00;31,99;605,96;633,49
21.03.2012 0:00;31,91;602,5;639,98
22.03.2012 0:00;32;599,34;646,05
23.03.2012 0:00;32,01;596,05;642,59
26.03.2012 0:00;32,59;606,98;649,33
27.03.2012 0:00;32,52;614,48;647,02
28.03.2012 0:00;32,19;617,62;655,76
29.03.2012 0:00;32,12;609,86;648,41
30.03.2012 0:00;32,26;599,55;641,24
02.04.2012 0:00;32,29;618,63;646,92
03.04.2012 0:00;31,94;629,32;642,62
04.04.2012 0:00;31,21;624,31;635,15
05.04.2012 0:00;31,52;633,68;632,32
09.04.2012 0:00;31,1;636,23;630,84
10.04.2012 0:00;30,47;628,44;626,86
11.04.2012 0:00;30,34;626,2;635,96
12.04.2012 0:00;30,98;622,77;651,01
13.04.2012 0:00;30,81;605,23;624,6
16.04.2012 0:00;31,08;580,13;606,07
17.04.2012 0:00;31,44;609,7;609,57
18.04.2012 0:00;31,14;608,34;607,45
19.04.2012 0:00;31,01;587,44;599,3
20.04.2012 0:00;32,42;572,98;596,06
23.04.2012 0:00;32,12;571,7;597,6
24.04.2012 0:00;31,92;560,28;601,27
25.04.2012 0:00;32,2;610;609,72
26.04.2012 0:00;32,11;607,7;615,47
27.04.2012 0:00;31,98;603;614,98
30.04.2012 0:00;32,02;583,98;604,85
01.05.2012 0:00;32,01;582,13;604,43
02.05.2012 0:00;31,8;585,98;607,26
03.05.2012 0:00;31,76;581,82;611,02
04.05.2012 0:00;30,98;565,25;596,97
07.05.2012 0:00;30,65;569,48;607,55
08.05.2012 0:00;30,5;568,18;612,79
09.05.2012 0:00;30,76;569,18;609,15
10.05.2012 0:00;30,74;570,52;613,66
11.05.2012 0:00;31,16;566,71;605,23
14.05.2012 0:00;30,68;558,22;604
15.05.2012 0:00;30,21;553,17;611,11
16.05.2012 0:00;29,9;546,08;628,93
17.05.2012 0:00;29,72;530,12;623,05
18.05.2012 0:00;29,27;530,38;600,4
21.05.2012 0:00;29,75;561,28;614,11
22.05.2012 0:00;29,76;556,97;600,8
23.05.2012 0:00;29,11;570,56;609,46
24.05.2012 0:00;29,07;565,32;603,66
25.05.2012 0:00;29,06;562,29;591,53
29.05.2012 0:00;29,56;572,27;594,34
30.05.2012 0:00;29,34;579,17;588,23
31.05.2012 0:00;29,19;577,73;580,86
01.06.2012 0:00;28,45;560,99;570,98
04.06.2012 0:00;28,55;564,29;578,59
05.06.2012 0:00;28,5;562,83;570,41
06.06.2012 0:00;29,35;571,46;580,57
07.06.2012 0:00;29,23;571,72;578,23
08.06.2012 0:00;29,65;580,32;580,45
11.06.2012 0:00;28,9;571,17;568,5
12.06.2012 0:00;29,29;576,16;565,1
13.06.2012 0:00;29,13;572,16;561,09
14.06.2012 0:00;29,34;571,53;559,05
15.06.2012 0:00;30,02;574,13;564,51
18.06.2012 0:00;29,84;585,78;570,85
19.06.2012 0:00;30,7;587,41;581,53
20.06.2012 0:00;30,93;585,74;577,51
21.06.2012 0:00;30,14;577,67;565,21
22.06.2012 0:00;30,7;582,1;571,48
25.06.2012 0:00;29,86;570,76;560,7
26.06.2012 0:00;30,02;572,02;564,68
27.06.2012 0:00;30,17;574,5;569,3
28.06.2012 0:00;29,91;569,05;564,31
29.06.2012 0:00;30,59;584;580,07
02.07.2012 0:00;30,56;592,52;580,47
03.07.2012 0:00;30,76;599,41;587,83
05.07.2012 0:00;30,7;609,94;595,92
06.07.2012 0:00;30,18;605,88;585,98
09.07.2012 0:00;30;613,89;586,01
10.07.2012 0:00;29,74;608,21;581,7
11.07.2012 0:00;29,3;604,43;571,19
12.07.2012 0:00;28,63;598,9;570,48
13.07.2012 0:00;29,39;604,97;576,52
16.07.2012 0:00;29,44;606,91;574,92
17.07.2012 0:00;29,66;606,94;576,73
18.07.2012 0:00;30,45;606,26;580,76
19.07.2012 0:00;30,66;614,32;593,06
20.07.2012 0:00;30,12;604,3;610,82
23.07.2012 0:00;29,28;603,83;615,51
24.07.2012 0:00;29,15;600,92;607,57
25.07.2012 0:00;28,83;574,97;607,99
26.07.2012 0:00;29,16;574,88;613,36
27.07.2012 0:00;29,76;585,16;634,96
30.07.2012 0:00;29,64;595,03;632,3
31.07.2012 0:00;29,47;610,76;632,97
01.08.2012 0:00;29,41;606,81;632,68
02.08.2012 0:00;29,19;607,79;628,75
03.08.2012 0:00;29,75;615,7;641,33
06.08.2012 0:00;29,95;622,55;642,82
07.08.2012 0:00;30,26;620,91;640,54
08.08.2012 0:00;30,33;619,86;642,23
09.08.2012 0:00;30,5;620,73;642,35
10.08.2012 0:00;30,42;621,7;642
13.08.2012 0:00;30,39;630;660,01
14.08.2012 0:00;30,13;631,69;668,66
15.08.2012 0:00;30,2;630,83;667,54
16.08.2012 0:00;30,78;636,34;672,87
17.08.2012 0:00;30,9;648,11;677,14
20.08.2012 0:00;30,74;665,15;675,54
21.08.2012 0:00;30,8;656,06;669,51
22.08.2012 0:00;30,54;668,87;677,18
23.08.2012 0:00;30,26;662,63;676,8
24.08.2012 0:00;30,56;663,22;678,63
27.08.2012 0:00;30,69;675,68;669,22
28.08.2012 0:00;30,63;674,8;677,25
29.08.2012 0:00;30,65;673,47;688,01
30.08.2012 0:00;30,32;663,87;681,68
31.08.2012 0:00;30,82;665,24;685,09
04.09.2012 0:00;30,38;674,97;681,04
05.09.2012 0:00;30,39;670,23;680,72
06.09.2012 0:00;31,34;676,27;699,4
07.09.2012 0:00;30,95;680,44;706,15
10.09.2012 0:00;30,72;662,74;700,77
11.09.2012 0:00;30,79;660,59;692,19
12.09.2012 0:00;30,78;669,79;690,88
13.09.2012 0:00;30,94;682,98;706,04
14.09.2012 0:00;31,21;691,28;709,68
17.09.2012 0:00;31,21;699,78;709,98
18.09.2012 0:00;31,18;701,91;718,28
19.09.2012 0:00;31,05;702,1;727,5
20.09.2012 0:00;31,45;698,7;728,12
21.09.2012 0:00;31,19;700,1;733,99
24.09.2012 0:00;30,78;690,79;749,38
25.09.2012 0:00;30,39;673,54;749,16
26.09.2012 0:00;30,16;665,18;753,46
27.09.2012 0:00;30,16;681,32;756,5
28.09.2012 0:00;29,76;667,1;754,5
01.10.2012 0:00;29,49;659,39;761,78
02.10.2012 0:00;29,66;661,31;756,99
03.10.2012 0:00;29,86;671,45;762,5
04.10.2012 0:00;30,03;666,8;768,05
05.10.2012 0:00;29,85;652,59;767,65
08.10.2012 0:00;29,78;638,17;757,84
09.10.2012 0:00;29,28;635,85;744,09
10.10.2012 0:00;28,98;640,91;744,56
11.10.2012 0:00;28,95;628,1;751,48
12.10.2012 0:00;29,2;629,71;744,75
15.10.2012 0:00;29,51;634,76;740,98
16.10.2012 0:00;29,49;649,79;744,7
17.10.2012 0:00;29,59;644,61;755,49
18.10.2012 0:00;29,5;632,64;695
19.10.2012 0:00;28,64;609,84;681,79
22.10.2012 0:00;28;634,03;678,67
23.10.2012 0:00;28,05;613,36;680,35
24.10.2012 0:00;27,9;616,83;677,3
25.10.2012 0:00;27,88;609,54;677,76
26.10.2012 0:00;28,21;604;675,15
31.10.2012 0:00;28,54;595,32;680,3
01.11.2012 0:00;29,52;596,54;687,59
02.11.2012 0:00;29,5;576,8;687,92
05.11.2012 0:00;29,63;584,62;682,96
06.11.2012 0:00;29,86;582,85;681,72
07.11.2012 0:00;29,08;558;667,12
08.11.2012 0:00;28,81;537,75;652,29
09.11.2012 0:00;28,83;547,06;663,03
12.11.2012 0:00;28,22;542,83;665,9
13.11.2012 0:00;27,09;542,9;659,05
14.11.2012 0:00;26,84;536,88;652,55
15.11.2012 0:00;26,66;525,62;647,26
16.11.2012 0:00;26,52;527,68;647,18
19.11.2012 0:00;26,73;565,73;668,21
20.11.2012 0:00;26,71;560,91;669,97
21.11.2012 0:00;26,95;561,7;665,87
23.11.2012 0:00;27,7;571,5;667,97
26.11.2012 0:00;27,38;589,53;661,15
27.11.2012 0:00;27,08;584,78;670,71
28.11.2012 0:00;27,36;582,94;683,67
29.11.2012 0:00;26,95;589,36;691,89
30.11.2012 0:00;26,62;585,28;698,37
03.12.2012 0:00;26,43;586,19;695,25
04.12.2012 0:00;26,37;575,85;691,03
05.12.2012 0:00;26,67;538,79;687,82
06.12.2012 0:00;26,72;547,24;691,13
07.12.2012 0:00;26,46;533,25;684,21
10.12.2012 0:00;26,94;529,82;685,42
11.12.2012 0:00;27,32;541,39;696,88
12.12.2012 0:00;27,24;539;697,56
13.12.2012 0:00;27,11;529,69;702,7
14.12.2012 0:00;26,81;509,79;701,96
17.12.2012 0:00;27,1;518,83;720,78
18.12.2012 0:00;27,56;533,9;721,07
19.12.2012 0:00;27,31;526,31;720,11
20.12.2012 0:00;27,68;521,73;722,36
21.12.2012 0:00;27,45;519,33;715,63
24.12.2012 0:00;27,06;520,17;709,5
26.12.2012 0:00;26,86;513;708,87
27.12.2012 0:00;26,96;515,06;706,29
28.12.2012 0:00;26,55;509,59;700,01
31.12.2012 0:00;26,71;532,17;707,38
02.01.2013 0:00;27,62;549,03;723,25
03.01.2013 0:00;27,25;542,1;723,67
04.01.2013 0:00;26,74;527;737,97
07.01.2013 0:00;26,69;523,9;734,75
08.01.2013 0:00;26,55;525,31;733,3
09.01.2013 0:00;26,7;517,1;738,12
10.01.2013 0:00;26,46;523,51;741,48
11.01.2013 0:00;26,83;520,3;739,99
14.01.2013 0:00;26,89;501,75;723,25
15.01.2013 0:00;27,21;485,92;724,93
16.01.2013 0:00;27,04;506,09;715,19
17.01.2013 0:00;27,25;502,68;711,32
18.01.2013 0:00;27,25;500;704,51
22.01.2013 0:00;27,15;504,77;702,87
23.01.2013 0:00;27,61;514;741,5
24.01.2013 0:00;27,63;450,5;753,83
25.01.2013 0:00;27,88;439,88;753,67
28.01.2013 0:00;27,91;449,83;750,73
29.01.2013 0:00;28,01;458,27;753,68
30.01.2013 0:00;27,85;456,83;753,83
31.01.2013 0:00;27,45;455,49;755,69
01.02.2013 0:00;27,93;453,62;775,6
04.02.2013 0:00;27,44;442,32;759,02
05.02.2013 0:00;27,5;457,84;765,74
06.02.2013 0:00;27,34;457,35;770,17
07.02.2013 0:00;27,28;468,22;773,95
08.02.2013 0:00;27,55;474,98;785,37
11.02.2013 0:00;27,86;479,93;782,42
12.02.2013 0:00;27,88;467,9;780,7
13.02.2013 0:00;28,03;467,01;782,86
14.02.2013 0:00;28,04;466,59;787,82
15.02.2013 0:00;28,01;460,16;792,89
19.02.2013 0:00;28,04;459,99;806,85
20.02.2013 0:00;27,87;448,85;792,46
21.02.2013 0:00;27,49;446,06;795,53
22.02.2013 0:00;27,76;450,81;799,71
25.02.2013 0:00;27,37;442,8;790,77
26.02.2013 0:00;27,37;448,97;790,13
27.02.2013 0:00;27,81;444,57;799,78
28.02.2013 0:00;27,8;441,4;801,2
01.03.2013 0:00;27,95;430,47;806,19
04.03.2013 0:00;28,15;420,05;821,5
05.03.2013 0:00;28,35;431,14;838,6
06.03.2013 0:00;28,09;425,66;831,38
07.03.2013 0:00;28,14;430,58;832,6
08.03.2013 0:00;28;431,72;831,52
11.03.2013 0:00;27,87;437,87;834,82
12.03.2013 0:00;27,91;428,43;827,61
13.03.2013 0:00;27,92;428,35;825,31
14.03.2013 0:00;28,14;432,5;821,54
15.03.2013 0:00;28,04;443,66;814,3
18.03.2013 0:00;28,1;455,72;807,79
19.03.2013 0:00;28,18;454,49;811,32
20.03.2013 0:00;28,32;452,08;814,71
21.03.2013 0:00;28,11;452,73;811,26
22.03.2013 0:00;28,25;461,91;810,31
25.03.2013 0:00;28,16;463,58;809,64
26.03.2013 0:00;28,16;461,14;812,42
27.03.2013 0:00;28,37;452,08;802,66
28.03.2013 0:00;28,6;442,66;794,19
01.04.2013 0:00;28,61;428,91;801,19
02.04.2013 0:00;28,8;429,79;813,04
03.04.2013 0:00;28,56;431,99;806,2
04.04.2013 0:00;28,6;427,72;795,07
05.04.2013 0:00;28,7;423,2;783,05
08.04.2013 0:00;28,59;426,21;774,85
09.04.2013 0:00;29,61;426,98;777,65
10.04.2013 0:00;30,28;435,69;790,18
11.04.2013 0:00;28,94;434,33;790,39
12.04.2013 0:00;28,79;429,8;790,05
15.04.2013 0:00;28,69;419,85;781,93
16.04.2013 0:00;28,97;426,24;793,37
17.04.2013 0:00;28,82;402,8;782,56
18.04.2013 0:00;28,79;392,05;765,91
19.04.2013 0:00;29,76;390,53;799,87
22.04.2013 0:00;30,83;398,67;800,11
23.04.2013 0:00;30,6;406,13;807,9
24.04.2013 0:00;31,76;405,46;813,45
25.04.2013 0:00;31,94;408,38;809,1
26.04.2013 0:00;31,79;417,2;801,42
29.04.2013 0:00;32,61;430,12;819,06
30.04.2013 0:00;33,1;442,78;824,57
01.05.2013 0:00;32,72;439,29;820,43
02.05.2013 0:00;33,16;445,52;829,61
03.05.2013 0:00;33,49;449,98;845,72
06.05.2013 0:00;33,75;460,71;861,55
07.05.2013 0:00;33,31;458,66;857,23
08.05.2013 0:00;32,99;463,84;873,63
09.05.2013 0:00;32,66;456,77;871,48
10.05.2013 0:00;32,69;452,97;880,23
